[
{
  "model": "tariffs.tariff",
  "pk": 1,
  "fields": {
    "car_class": "Эконом",
    "quantity_seats": "PAS",
    "price_per_km": 27
  }
},
{
  "model": "tariffs.tariff",
  "pk": 2,
  "fields": {
    "car_class": "Комфорт",
    "quantity_seats": "PAS",
    "price_per_km": 30
  }
},
{
  "model": "tariffs.tariff",
  "pk": 3,
  "fields": {
    "car_class": "Универсал",
    "quantity_seats": "PAS",
    "price_per_km": 35
  }
},
{
  "model": "tariffs.tariff",
  "pk": 4,
  "fields": {
    "car_class": "Комфорт+",
    "quantity_seats": "PAS",
    "price_per_km": 42
  }
},
{
  "model": "tariffs.tariff",
  "pk": 5,
  "fields": {
    "car_class": "Бизнес",
    "quantity_seats": "PAS",
    "price_per_km": 65
  }
},
{
  "model": "tariffs.tariff",
  "pk": 6,
  "fields": {
    "car_class": "Минивэн (менее 7 мест)",
    "quantity_seats": "MIN",
    "price_per_km": 51
  }
},
{
  "model": "tariffs.tariff",
  "pk": 7,
  "fields": {
    "car_class": "Минивэн (более 7 мест)",
    "quantity_seats": "MIN",
    "price_per_km": 70
  }
},
{
  "model": "tariffs.tariff",
  "pk": 8,
  "fields": {
    "car_class": "Спринтер",
    "quantity_seats": "SPR",
    "price_per_km": 120
  }
},
{
  "model": "tariffs.tariff",
  "pk": 9,
  "fields": {
    "car_class": "Грузоперевозки",
    "quantity_seats": "TRU",
    "price_per_km": null
  }
},
{
  "model": "drivers.driver",
  "pk": 41,
  "fields": {
    "name": "КАМА ПУЛЯ",
    "contact": "89999999999",
    "car": "Renault Logan",
    "tariff": 1
  }
},
{
  "model": "drivers.driver",
  "pk": 42,
  "fields": {
    "name": "МАГА ЛЕЗГИН",
    "contact": "81111111111",
    "car": "Volkswagen Polo",
    "tariff": 1
  }
},
{
  "model": "drivers.driver",
  "pk": 43,
  "fields": {
    "name": "Е. Вязенова",
    "contact": "83245317527",
    "car": "Renault Kaptur",
    "tariff": 1
  }
},
{
  "model": "drivers.driver",
  "pk": 44,
  "fields": {
    "name": "Н. Стрекалева",
    "contact": "87516576779",
    "car": "Nissan Almera",
    "tariff": 1
  }
},
{
  "model": "drivers.driver",
  "pk": 45,
  "fields": {
    "name": "Д. Лобзаев",
    "contact": "81641931975",
    "car": "Nissan Teana",
    "tariff": 2
  }
},
{
  "model": "drivers.driver",
  "pk": 46,
  "fields": {
    "name": "Е. Торфичев",
    "contact": "87235213569",
    "car": "Kia Optima",
    "tariff": 2
  }
},
{
  "model": "drivers.driver",
  "pk": 47,
  "fields": {
    "name": "Л. Сосницкая",
    "contact": "84266288780",
    "car": "Skoda New Superb Combi",
    "tariff": 3
  }
},
{
  "model": "drivers.driver",
  "pk": 48,
  "fields": {
    "name": "А. Хидова",
    "contact": "87347131147",
    "car": "Lada Largus",
    "tariff": 3
  }
},
{
  "model": "drivers.driver",
  "pk": 49,
  "fields": {
    "name": "В. Меженников",
    "contact": "87991606669",
    "car": "Mini Clubman",
    "tariff": 3
  }
},
{
  "model": "drivers.driver",
  "pk": 50,
  "fields": {
    "name": "Е. Шавырина",
    "contact": "89269528281",
    "car": "Toyota Camry",
    "tariff": 4
  }
},
{
  "model": "drivers.driver",
  "pk": 51,
  "fields": {
    "name": "Е. Мишустин",
    "contact": "83016248945",
    "car": "BMW G30",
    "tariff": 5
  }
},
{
  "model": "drivers.driver",
  "pk": 52,
  "fields": {
    "name": "С. Дицкая",
    "contact": "80272656051",
    "car": "Genesis G80",
    "tariff": 5
  }
},
{
  "model": "drivers.driver",
  "pk": 53,
  "fields": {
    "name": "В. Юсибова",
    "contact": "83752213788",
    "car": "Lexus ES 250 AWD",
    "tariff": 5
  }
},
{
  "model": "drivers.driver",
  "pk": 54,
  "fields": {
    "name": "А. Геркин",
    "contact": "81500289947",
    "car": "Toyota Vellfire",
    "tariff": 6
  }
},
{
  "model": "drivers.driver",
  "pk": 55,
  "fields": {
    "name": "С. Горченкова",
    "contact": "89959025523",
    "car": "Honda Shuttle",
    "tariff": 6
  }
},
{
  "model": "drivers.driver",
  "pk": 56,
  "fields": {
    "name": "М. Неледов",
    "contact": "80290633764",
    "car": "Toyota Mark X Zio",
    "tariff": 6
  }
},
{
  "model": "drivers.driver",
  "pk": 57,
  "fields": {
    "name": "В. Лоханская",
    "contact": "83224983700",
    "car": "Mitsubishi Delica D:5",
    "tariff": 7
  }
},
{
  "model": "drivers.driver",
  "pk": 58,
  "fields": {
    "name": "Ю. Зилтдинова",
    "contact": "84809118510",
    "car": "Honda Stepwgn",
    "tariff": 7
  }
},
{
  "model": "drivers.driver",
  "pk": 59,
  "fields": {
    "name": "П. Ветдиктова",
    "contact": "82362673870",
    "car": "Toyota Granvia",
    "tariff": 7
  }
},
{
  "model": "drivers.driver",
  "pk": 60,
  "fields": {
    "name": "Н. Буинов",
    "contact": "83076266942",
    "car": "Mercedes-Benz Sprinter",
    "tariff": 8
  }
},
{
  "model": "orders.order",
  "pk": 1,
  "fields": {
    "from_place": "Москва",
    "to_place": "Курган",
    "distance": 0,
    "departure_time": "2023-09-21T15:00:00Z",
    "driver": null,
    "client": "Вася",
    "contact": "82342342",
    "remark": "",
    "baby_chair": false,
    "tariff": 2,
    "price": 0,
    "status": "new",
    "created": "2023-09-17T20:01:06.658Z",
    "updated": "2023-09-19T15:14:37.357Z",
    "discount_percent": 0
  }
},
{
  "model": "orders.order",
  "pk": 2,
  "fields": {
    "from_place": "Москва",
    "to_place": "Казань",
    "distance": 0,
    "departure_time": "2023-09-20T18:00:00Z",
    "driver": null,
    "client": "Шох",
    "contact": "@shoh_dog",
    "remark": "",
    "baby_chair": false,
    "tariff": null,
    "price": 0,
    "status": "ready",
    "created": "2023-09-17T20:04:55.150Z",
    "updated": "2023-09-17T20:41:04.060Z",
    "discount_percent": 0
  }
},
{
  "model": "orders.order",
  "pk": 3,
  "fields": {
    "from_place": "Москва",
    "to_place": "Грозный",
    "distance": 0,
    "departure_time": "2023-09-29T06:00:00Z",
    "driver": 42,
    "client": "Нохчи ву",
    "contact": "83213131",
    "remark": "Эхмат сила",
    "baby_chair": false,
    "tariff": null,
    "price": 0,
    "status": "ready",
    "created": "2023-09-17T20:06:39.865Z",
    "updated": "2023-09-17T20:06:39.865Z",
    "discount_percent": 1
  }
},
{
  "model": "orders.order",
  "pk": 4,
  "fields": {
    "from_place": "Питер",
    "to_place": "Севастополь",
    "distance": 0,
    "departure_time": "2023-09-27T19:11:00Z",
    "driver": null,
    "client": "finger, no finger",
    "contact": "832342342",
    "remark": "",
    "baby_chair": true,
    "tariff": 3,
    "price": 0,
    "status": "new",
    "created": "2023-09-19T16:16:44.287Z",
    "updated": "2023-09-19T16:16:44.287Z",
    "discount_percent": 0
  }
},
{
  "model": "orders.order",
  "pk": 5,
  "fields": {
    "from_place": "Лобня",
    "to_place": "Икша",
    "distance": 0,
    "departure_time": "2023-09-17T20:04:00Z",
    "driver": null,
    "client": "Ден",
    "contact": "456465456",
    "remark": "",
    "baby_chair": false,
    "tariff": 4,
    "price": 0,
    "status": "new",
    "created": "2023-09-19T16:23:07.894Z",
    "updated": "2023-09-19T16:23:07.894Z",
    "discount_percent": 0
  }
},
{
  "model": "orders.order",
  "pk": 6,
  "fields": {
    "from_place": "Наташины трусики",
    "to_place": "Икша",
    "distance": 0,
    "departure_time": "2023-09-17T20:04:00Z",
    "driver": null,
    "client": "Карась",
    "contact": "65464",
    "remark": "",
    "baby_chair": false,
    "tariff": 6,
    "price": 0,
    "status": "new",
    "created": "2023-09-19T16:34:04.395Z",
    "updated": "2023-09-19T16:34:04.395Z",
    "discount_percent": 0
  }
},
{
  "model": "orders.order",
  "pk": 7,
  "fields": {
    "from_place": "Москва",
    "to_place": "Ереван",
    "distance": 0,
    "departure_time": "2023-09-19T16:57:30Z",
    "driver": null,
    "client": "Шингыз",
    "contact": "та-шаа",
    "remark": "",
    "baby_chair": false,
    "tariff": 3,
    "price": 0,
    "status": "new",
    "created": "2023-09-19T16:58:19.954Z",
    "updated": "2023-09-19T16:58:19.954Z",
    "discount_percent": 0
  }
},
{
  "model": "orders.order",
  "pk": 8,
  "fields": {
    "from_place": "Мацква",
    "to_place": "село залепино",
    "distance": 1488,
    "departure_time": "2023-09-19T16:59:28Z",
    "driver": null,
    "client": "шох",
    "contact": "243234",
    "remark": "",
    "baby_chair": false,
    "tariff": 3,
    "price": 52080,
    "status": "new",
    "created": "2023-09-19T16:59:49.579Z",
    "updated": "2023-09-19T17:05:59.205Z",
    "discount_percent": 0
  }
},
{
  "model": "orders.order",
  "pk": 9,
  "fields": {
    "from_place": "Волонеж",
    "to_place": "Масква",
    "distance": 0,
    "departure_time": "2023-10-15T06:00:00Z",
    "driver": null,
    "client": "Аутём",
    "contact": "3123123",
    "remark": "",
    "baby_chair": true,
    "tariff": 1,
    "price": 0,
    "status": "new",
    "created": "2023-09-19T19:08:50.813Z",
    "updated": "2023-09-26T15:24:45.198Z",
    "discount_percent": 0
  }
},
{
  "model": "orders.order",
  "pk": 10,
  "fields": {
    "from_place": "Москва",
    "to_place": "Архангельск",
    "distance": 1500,
    "departure_time": "2023-09-17T20:01:00Z",
    "driver": 51,
    "client": "ХЗ кто",
    "contact": "45644",
    "remark": "",
    "baby_chair": false,
    "tariff": 7,
    "price": 105000,
    "status": "ready",
    "created": "2023-09-20T12:26:01.719Z",
    "updated": "2023-10-02T09:56:57.602Z",
    "discount_percent": 0
  }
},
{
  "model": "orders.order",
  "pk": 11,
  "fields": {
    "from_place": "Москва",
    "to_place": "Дербент",
    "distance": 0,
    "departure_time": "2023-09-17T20:01:06.658Z",
    "driver": null,
    "client": "Алка",
    "contact": "831231",
    "remark": "",
    "baby_chair": false,
    "tariff": 3,
    "price": 0,
    "status": "new",
    "created": "2023-10-02T09:30:19.355Z",
    "updated": "2023-10-02T09:30:19.355Z",
    "discount_percent": 0
  }
},
{
  "model": "orders.order",
  "pk": 12,
  "fields": {
    "from_place": "Дербент",
    "to_place": "Москва",
    "distance": 0,
    "departure_time": "2023-09-17T20:01:06Z",
    "driver": null,
    "client": "Борька",
    "contact": "1231231",
    "remark": "",
    "baby_chair": true,
    "tariff": 3,
    "price": 0,
    "status": "new",
    "created": "2023-10-02T09:33:11.373Z",
    "updated": "2023-10-02T09:34:13.006Z",
    "discount_percent": 0
  }
},
{
  "model": "orders.order",
  "pk": 13,
  "fields": {
    "from_place": "Махачкала",
    "to_place": "Грозный",
    "distance": 0,
    "departure_time": "2023-09-17T20:01:06Z",
    "driver": null,
    "client": "Шох",
    "contact": "1231231",
    "remark": "",
    "baby_chair": true,
    "tariff": 2,
    "price": 0,
    "status": "new",
    "created": "2023-10-02T14:43:10.667Z",
    "updated": "2023-10-02T14:43:10.667Z",
    "discount_percent": 0
  }
},
{
  "model": "orders.order",
  "pk": 14,
  "fields": {
    "from_place": "Ботаническая 17к1п2",
    "to_place": "Казань,ул.ленина 5",
    "distance": 900,
    "departure_time": "2023-10-10T15:00:00Z",
    "driver": null,
    "client": "Алена",
    "contact": "89255798917",
    "remark": "",
    "baby_chair": true,
    "tariff": 2,
    "price": 27000,
    "status": "new",
    "created": "2023-10-06T11:58:25.418Z",
    "updated": "2023-10-06T11:58:25.418Z",
    "discount_percent": 0
  }
}
]
